Id,Nation,Nom,Ingredients,GoodAdress,History,CreationDate,Price,Diet,link
1,Afghanistan,Kabuli Pulao,"Riz basmati, agneau ou bœuf, carottes, raisins secs, oignon, ail, cardamome, cumin, huile","Bukhara Restaurant — Kaboul, Afghanistan","Le Kabuli Pulao est considéré comme le plat national de l’Afghanistan. Il s’agit d’un riz parfumé accompagné de viande, généralement de l’agneau, et garni de carottes et de raisins secs. Ce plat est souvent servi lors de grandes occasions, de fêtes familiales ou de célébrations traditionnelles.",Traditionnel,10,Viande halal,https://www.marmiton.org/recettes/recette_kabuli-palaw-riz-afghan-epice-au-poulet_46875.aspx
2,Angola,Muamba de Galinha,"Poulet, huile de palme, gombo (okra), ail, oignon, piment, tomate","Restaurant Lookal Beach Club — Luanda, Angola",La Muamba de Galinha est l’un des plats les plus traditionnels d’Angola. Il s’agit d’un ragoût de poulet préparé avec de l’huile de palme et des légumes comme le gombo. Ce plat est très populaire dans la cuisine angolaise et est souvent servi lors de repas familiaux ou de célébrations.,Traditionnel,10,Viande ,https://feed.continente.pt/receitas/moamba-de-galinha-a-moda-de-angola
3,Albania,Tavë Kosi,"épaule d'agneau désossée, beurre, huile végétale, eau, gousses d'ail , 
 riz blanc à grains longs, origan, farine,yaourt , œufs,Sel, Poivre","The Rooms Restaurant — Rruga Sami Frashëri, Tirana 1001, Albanie","Le Tavë Kosi (ou ""cocotte d'Elbasan"") tire ses origines du siège de Kruja en 1452. La légende raconte que les cuisiniers de la ville d'Elbasan préparaient ce mélange d'agneau et de yaourt (le kos) pour le sultan ottoman Mehmed II.
D'abord simple plat de campement militaire, cette recette mijotée est devenue un symbole culturel puissant : Elle s'est propagée dans tout l'Empire ottoman. Elle est indissociable de l'histoire de l'Albanie, ayant même été servie à Ismail Qemali lors de la proclamation de l'indépendance en 1912.
Aujourd'hui, au-delà de sa saveur, ce plat est considéré comme un véritable héritage historique pour le peuple albanais.",Traditionnel,6,Viande halal,https://www.marmiton.org/recettes/recette_gigot-d-agneau-cuit-au-yaourt-tave-kosi-albanie_17716.aspx
4,UnitedArabEmirates,Al Harees,"Blé concassé, viande (agneau ou poulet), sel, beurre ou ghee","Al Fanar Restaurant & Cafe — Dubaï, Émirats arabes unis",Le Harees est un plat traditionnel très populaire dans les Émirats arabes unis et dans plusieurs pays du Golfe. Il est préparé en faisant cuire lentement du blé avec de la viande jusqu’à obtenir une texture crémeuse. Ce plat est souvent consommé pendant le Ramadan et lors des fêtes religieuses.,Traditionnel,12.5,Viande halal,https://www.hachette-pratique.com/recette/harees-au-poulet/
5,Argentina,Asado,"Bœuf, saucisses, sel, poivre, charbon de bois","Don Julio Parrilla — Buenos Aires, Argentine",L’Asado est l’un des plats les plus emblématiques de la culture argentine. Il s’agit d’un barbecue traditionnel où différentes pièces de viande sont grillées lentement sur un feu de bois ou de charbon. L’asado est souvent un moment social important partagé en famille ou entre amis.,XIXᵉ siècle,20,Viande,https://www.hellofresh.fr/recipes/cote-de-boeuf-facon-asado-argentin-60bf76fa07246667310bcc86
6,Armenia,Khorovats,"
Viande (porc ou agneau), oignon, sel, poivre, herbes","Tavern Yerevan — Erevan, Arménie",Le Khorovats est le barbecue traditionnel arménien. La viande est marinée puis grillée sur un feu ouvert et souvent servie avec des légumes grillés et du pain lavash. Ce plat est très populaire lors des réunions familiales et des fêtes.,Traditionnel,14,Viande,https://www.remitly.com/blog/fr/mode-de-vie-et-culture/platsnationaux-khorovats-armenia-national-dish/
7,Australia,Meat Pie,"Pâte feuilletée, bœuf haché, sauce brune, oignon, épices","Harry’s Café de Wheels — Sydney, Australie","La Meat Pie est l’un des plats les plus populaires en Australie. Il s’agit d’une tourte garnie de viande et de sauce, souvent consommée comme street food ou lors d’événements sportifs. Ce plat est devenu un symbole de la culture culinaire australienne.",XIXᵉ siècle,7.5,Viande,https://www.recipetineats.com/meat-pie-recipe/
8,Austria,Wiener Schnitzel,"Escalope de veau, farine, œufs, chapelure, beurre ou huile, citron, sel, poivre","Figlmüller — Vienne, Autriche","Le Wiener Schnitzel est l’un des plats les plus emblématiques de la cuisine autrichienne. Il s’agit d’une escalope de veau panée et frite, traditionnellement servie avec du citron et parfois accompagnée de salade de pommes de terre. Ce plat est particulièrement associé à la ville de Vienne, où il est devenu un symbole de la gastronomie autrichienne.","XIXᵉ siècle, Vienne, Autriche",20,Viande,https://www.austria.info/fr/recettes/escalope-viennoise/
9,Azerbaijan,Plov azéri,"Riz, agneau ou bœuf, oignon, safran, fruits secs, épices","Firuze Restaurant — Baku, Azerbaïdjan","Plov azéri est un plat traditionnel associé à Azerbaijan. On le retrouve lors des repas familiaux et des occasions spéciales, avec des variantes selon les régions et les saisons.",Traditionnel,15,Viande halal,https://www.196flavors.com/fr/?s=Plov+az%C3%A9ri
10,Burundi,Ibihaza,"Haricots rouges, potiron, oignon, huile, sel, épices","Restaurant Oasis — Bujumbura, Burundi","Ibihaza est un plat traditionnel associé à Burundi. On le retrouve lors des repas familiaux et des occasions spéciales, avec des variantes selon les régions et les saisons.",Traditionnel,8.5,Végétarien,https://www.196flavors.com/fr/?s=Ibihaza
11,Belgium,Moules-frites,"Moules, oignon, céleri, persil, beurre, vin blanc, sel, poivre, pommes de terre","Chez Léon — Bruxelles, Belgique","Les moules-frites sont l’un des plats les plus emblématiques de la gastronomie belge. Ce plat combine des moules cuites dans un bouillon parfumé avec des oignons, du céleri et du vin blanc, accompagnées de frites croustillantes. Très populaire en Belgique, il est souvent consommé dans les brasseries et restaurants traditionnels, notamment à Bruxelles.",XIXᵉ siècle,17.5,Poisson,https://belgicastore.com/fr/blog/5_recette-des-moules-frites-a-la-belge.html
12,Benin,Amiwo (riz rouge),"Riz, tomate/purée, oignon, huile, piment, laurier","Maquis Super Pili-Pili — Cotonou, Bénin","Amiwo (riz rouge) est un plat traditionnel associé à Benin. On le retrouve lors des repas familiaux et des occasions spéciales, avec des variantes selon les régions et les saisons.",Traditionnel,8.5,Végétarien,https://www.196flavors.com/fr/?s=Amiwo+%28riz+rouge%29
13,BurkinaFaso,Tô de mil & sauce gombo,"Farine de mil/maïs, eau, gombo, tomate, oignon, épices","Villa Kaya — Ouagadougou, Burkina Faso","Tô de mil & sauce gombo est un plat traditionnel associé à BurkinaFaso. On le retrouve lors des repas familiaux et des occasions spéciales, avec des variantes selon les régions et les saisons.",Traditionnel,8.5,Végétarien,https://www.196flavors.com/fr/?s=T%C3%B4+de+mil+%26+sauce+gombo
14,Bangladesh,Bhuna Khichuri,"Riz, lentilles, oignon, gingembre, curcuma, cumin, ghee","Star Kabab & Restaurant — Dhaka, Bangladesh","Bhuna Khichuri est un plat traditionnel associé à Bangladesh. On le retrouve lors des repas familiaux et des occasions spéciales, avec des variantes selon les régions et les saisons.",Traditionnel,8.5,Végétarien,https://www.196flavors.com/fr/?s=Bhuna+Khichuri
15,Bulgaria,Banitsa,"Pâte filo, fromage (sirene), œufs, yaourt, beurre","HleBar — Sofia, Bulgarie","Banitsa est un plat traditionnel associé à Bulgaria. On le retrouve lors des repas familiaux et des occasions spéciales, avec des variantes selon les régions et les saisons.",Traditionnel,8.5,Végétarien,https://www.196flavors.com/fr/?s=Banitsa
16,BosniaAndHerzegovina,Ćevapi,"Viande hachée (bœuf ou mélange bœuf-agneau), ail, sel, poivre, oignon, pain plat (somun)","Ćevabdžinica Željo — Sarajevo, Bosnie-Herzégovine","Les ćevapi sont l’un des plats les plus emblématiques de la cuisine bosnienne. Il s’agit de petits rouleaux de viande hachée grillés, généralement servis dans un pain plat appelé somun, accompagnés d’oignons crus et parfois d’ajvar ou de crème. Ce plat est très populaire dans les Balkans et fait partie de la culture culinaire traditionnelle de Sarajevo.",Traditionnel,10,Viande halal,https://www.stoneline.de/fr/recette/cevapcici-faits-maison-avec-accompagnements
17,Belarus,Draniki,"Pommes de terre, oignon, œufs, farine, sel, poivre, huile","Restaurant Vasilki — Minsk, Biélorussie","Les draniki sont des galettes de pommes de terre très populaires en Biélorussie et considérées comme l’un des plats les plus traditionnels du pays. Elles sont préparées avec des pommes de terre râpées mélangées à de l’oignon, de la farine et des œufs, puis frites à la poêle. Ce plat est souvent servi avec de la crème fraîche et fait partie de la cuisine familiale biélorusse.",Cuisine traditionnelle biélorusse — XIXᵉ siècle,7.5,Végétarien,https://www.cuisineaz.com/recettes/draniki-galette-de-pommes-de-terre-bielorusse-113180.aspx
18,Belize,Belizean Rice and Beans,"Riz, haricots rouges, lait de coco, ail, oignon, thym, sel, poivre","Elvi’s Kitchen — San Pedro, Belize",Le rice and beans est l’un des plats les plus traditionnels du Belize. Il est généralement préparé avec du riz et des haricots rouges cuits dans du lait de coco et assaisonnés avec des herbes et des épices. Ce plat est très populaire dans la cuisine créole et est souvent servi lors des repas familiaux ou des fêtes locales.,Traditionnel,8,Végétarien,https://foreignfork.com/red-beans-and-coconut-rice/
19,Bolivia,Salteñas,"
Pâte, viande de bœuf ou poulet, pommes de terre, oignon, petits pois, œufs, olives, épices","Salteñería Paceña — La Paz, Bolivie","Les salteñas sont des chaussons fourrés très populaires en Bolivie, souvent consommés au petit-déjeuner ou en collation. Leur particularité est leur garniture juteuse et épicée contenant de la viande, des légumes et parfois des œufs et des olives. Ce plat est devenu un symbole de la gastronomie bolivienne et se retrouve dans tout le pays.",XIXᵉ siècle — Bolivie,15,Viande,https://www.remitly.com/blog/fr/mode-de-vie-et-culture/platsnationaux-saltenas-bolivias-national-dish-unveiled/
20,Brazil,Feijoada,"Haricots noirs, porc (saucisse, lard, viande salée), ail, oignon, laurier, riz, chou vert","Bar do Mineiro — Rio de Janeiro, Brésil","La feijoada est l’un des plats les plus emblématiques du Brésil. Il s’agit d’un ragoût de haricots noirs cuits avec différentes viandes de porc et servi traditionnellement avec du riz, du chou vert et parfois des tranches d’orange. Ce plat est très populaire dans tout le pays et est souvent consommé lors de repas conviviaux, notamment le week-end.",XIXᵉ siècle — Brezil,8.5,Viande,https://www.196flavors.com/fr/?s=Feijoada
21,BruneiDarussalam,Ambuyat,"Fécule de sagou, eau, accompagnements (légumes/sauces)","Tasek Brasserie — Bandar Seri Begawan, Brunei","Ambuyat est un plat traditionnel associé à BruneiDarussalam. On le retrouve lors des repas familiaux et des occasions spéciales, avec des variantes selon les régions et les saisons.",Traditionnel,8.5,Végétarien,https://www.196flavors.com/fr/?s=Ambuyat
22,Bhutan,Ema Datshi,"Piments, fromage, oignon, ail, beurre","Folk Heritage Restaurant — Thimphu, Bhoutan","Ema Datshi est un plat traditionnel associé à Bhutan. On le retrouve lors des repas familiaux et des occasions spéciales, avec des variantes selon les régions et les saisons.",Traditionnel,15,Végétarien,https://www.196flavors.com/fr/?s=Ema+Datshi
23,Botswana,Seswaa,"Bœuf, oignon, sel, poivre (effiloché)",Le Baobab Seswaa — Botswana,"Seswaa est un plat traditionnel associé à Botswana. On le retrouve lors des repas familiaux et des occasions spéciales, avec des variantes selon les régions et les saisons.",Traditionnel,15,Viande,https://www.196flavors.com/fr/?s=Seswaa
24,CentralAfricanRepublic,Kanda ti nyma,"Boulettes (viande), cacahuète, tomate, oignon, épices",Chez Maman Kanda ti nyma — CentralAfricanRepublic,"Kanda ti nyma est un plat traditionnel associé à CentralAfricanRepublic. On le retrouve lors des repas familiaux et des occasions spéciales, avec des variantes selon les régions et les saisons.",Traditionnel,8.5,Viande,https://www.196flavors.com/fr/?s=Kanda+ti+nyma
25,Canada,Poutine,"Frites, fromage en grains, sauce brune","Casa Poutine — Montréal, Canada","Poutine est un plat traditionnel associé à Canada. On le retrouve lors des repas familiaux et des occasions spéciales, avec des variantes selon les régions et les saisons.",Traditionnel,8.5,Végétarien,https://www.196flavors.com/fr/?s=Poutine
26,Switzerland,Fondue moitié-moitié,"Fromages (gruyère/vacherin), vin blanc, ail, pain",La Table Fondue moitié-moitié — Switzerland,"Fondue moitié-moitié est un plat traditionnel associé à Switzerland. On le retrouve lors des repas familiaux et des occasions spéciales, avec des variantes selon les régions et les saisons.",Traditionnel,15,Végétarien,https://www.196flavors.com/fr/?s=Fondue+moiti%C3%A9-moiti%C3%A9
27,China,Jiaozi (raviolis),"Pâte, porc ou légumes, chou, ciboule, sauce soja","Saffron Jiaozi (raviolis) — Pékin, China","Jiaozi (raviolis) est un plat traditionnel associé à China. On le retrouve lors des repas familiaux et des occasions spéciales, avec des variantes selon les régions et les saisons.",Traditionnel,8.5,Viande,https://www.196flavors.com/fr/?s=Jiaozi+%28raviolis%29
28,CôteD'Ivoire,Attiéké & légumes,"Attiéké (manioc), oignon, tomate, concombre, citron",La Palmeraie Attiéké & légumes — CôteD'Ivoire,"Attiéké & légumes est un plat traditionnel associé à CôteD'Ivoire. On le retrouve lors des repas familiaux et des occasions spéciales, avec des variantes selon les régions et les saisons.",Traditionnel,15,Végétarien,https://www.196flavors.com/fr/?s=Atti%C3%A9k%C3%A9+%26+l%C3%A9gumes
29,Cameroon,Ndolé,"Feuilles de ndolé, pâte d’arachide, oignon, viande/poisson (option)",Le Baobab Ndolé — Cameroon,"Ndolé est un plat traditionnel associé à Cameroon. On le retrouve lors des repas familiaux et des occasions spéciales, avec des variantes selon les régions et les saisons.",Traditionnel,8.5,Viande halal,https://www.196flavors.com/fr/?s=Ndol%C3%A9
30,DemocraticRepublicOfCongo,Pondu (saka-saka),"Feuilles de manioc, huile de palme, oignon, ail, sel",Teranga Pondu (saka-saka) — DemocraticRepublicOfCongo,"Pondu (saka-saka) est un plat traditionnel associé à DemocraticRepublicOfCongo. On le retrouve lors des repas familiaux et des occasions spéciales, avec des variantes selon les régions et les saisons.",Traditionnel,8.5,Végétarien,https://www.196flavors.com/fr/?s=Pondu+%28saka-saka%29
31,RepublicOfCongo,Saka-saka,"Feuilles de manioc, huile de palme, oignon, poisson fumé (option)",Chez Maman Saka-saka — RepublicOfCongo,"Saka-saka est un plat traditionnel associé à RepublicOfCongo. On le retrouve lors des repas familiaux et des occasions spéciales, avec des variantes selon les régions et les saisons.",Traditionnel,15,Végétarien,https://www.196flavors.com/fr/?s=Saka-saka
32,Colombia,Bandeja paisa,"Haricots, riz, viande, banane plantain, œuf, avocat",La Cantina Bandeja paisa — Colombia,"Bandeja paisa est un plat traditionnel associé à Colombia. On le retrouve lors des repas familiaux et des occasions spéciales, avec des variantes selon les régions et les saisons.",Traditionnel,8.5,Viande,https://www.196flavors.com/fr/?s=Bandeja+paisa
33,CostaRica,Gallo Pinto,"Riz, haricots noirs, oignon, coriandre, sauce Lizano",Sabor Latino Gallo Pinto — CostaRica,"Gallo Pinto est un plat traditionnel associé à CostaRica. On le retrouve lors des repas familiaux et des occasions spéciales, avec des variantes selon les régions et les saisons.",Traditionnel,15,Végétarien,https://www.196flavors.com/fr/?s=Gallo+Pinto
34,Cuba,Ropa vieja,"Bœuf effiloché, tomate, poivron, oignon, ail, épices",La Cantina Ropa vieja — Cuba,"Ropa vieja est un plat traditionnel associé à Cuba. On le retrouve lors des repas familiaux et des occasions spéciales, avec des variantes selon les régions et les saisons.",Traditionnel,15,Viande,https://www.196flavors.com/fr/?s=Ropa+vieja
35,CzechRepublic,Svíčková,"Bœuf, légumes racines, crème, sauce, knedlíky",L'Auberge Svíčková — CzechRepublic,"Svíčková est un plat traditionnel associé à CzechRepublic. On le retrouve lors des repas familiaux et des occasions spéciales, avec des variantes selon les régions et les saisons.",Traditionnel,6.5,Viande,https://www.196flavors.com/fr/?s=Sv%C3%AD%C4%8Dkov%C3%A1
36,Germany,Kartoffelsalat," pommes de terre , bouillon de légumes ,moutarde, vinaigre blanc
d'huile d'olive , cornichons , oignon, sucre, persil , Ciboulette","Hofbräuhaus München — Munich, Allemagne","Le Kartoffelsalat est une salade de pommes de terre très populaire en Allemagne. Chaque région possède sa propre version : dans le sud elle est souvent préparée avec une vinaigrette à base de vinaigre et de moutarde, tandis que dans le nord on utilise parfois de la mayonnaise. C’est un plat traditionnel souvent servi lors des repas familiaux et pendant les fêtes.","XIXᵉ siècle, Allemagne",15,Vegetarien,https://cuisine.journaldesfemmes.fr/recette/354371-kartoffelsalat
37,Djibouti,Skoudehkaris,"Riz, agneau, oignon, cardamome, clou de girofle, épices",Le Baobab Skoudehkaris — Djibouti,"Skoudehkaris est un plat traditionnel associé à Djibouti. On le retrouve lors des repas familiaux et des occasions spéciales, avec des variantes selon les régions et les saisons.",Traditionnel,13,Viande halal,https://www.196flavors.com/fr/?s=Skoudehkaris
38,Denmark,Smørrebrød,"Pain de seigle, hareng/saumon, garnitures, herbes",La Brasserie Smørrebrød — Denmark,"Smørrebrød est un plat traditionnel associé à Denmark. On le retrouve lors des repas familiaux et des occasions spéciales, avec des variantes selon les régions et les saisons.",Traditionnel,15,Poisson,https://www.196flavors.com/fr/?s=Sm%C3%B8rrebr%C3%B8d
39,Dominican Republic,La Bandera,"Riz, haricots, viande, salade, banane plantain",La Cocina La Bandera — Dominican Republic,"La Bandera est un plat traditionnel associé à Dominican Republic. On le retrouve lors des repas familiaux et des occasions spéciales, avec des variantes selon les régions et les saisons.",Traditionnel,7.5,Viande,https://www.196flavors.com/fr/?s=La+Bandera
40,Algeria,Rechta,"Pâtes rechta (fines pâtes), poulet, pois chiches, oignon, navet et/ou courgette, huile, sel, poivre, cannelle, curcuma (optionnel), bouillon","La Grotte des Saveurs — 2, Rue Dr Cherif Saadane, Alger","La rechta est un plat traditionnel du nord de l’Algérie, très présent dans les repas de famille et les célébrations (fêtes, mariages, grandes occasions). Elle se distingue par ses pâtes fines et sa sauce blanche parfumée (souvent avec une touche de cannelle) et des pois chiches.",Traditionnel,13,Viande halal,https://www.zerda.eu/recettes/rechta/
41,Ecuador,Encebollado,"Thon, manioc, oignon rouge, coriandre, citron",El Mercado Encebollado — Ecuador,"Encebollado est un plat traditionnel associé à Ecuador. On le retrouve lors des repas familiaux et des occasions spéciales, avec des variantes selon les régions et les saisons.",Traditionnel,8.5,Poisson,https://www.196flavors.com/fr/?s=Encebollado
42,Egypt,Koshari,"Riz, lentilles, pâtes, pois chiches, oignon frit, sauce tomate","Le Kilimandjaro Koshari — Le Caire, Egypt","Koshari est un plat traditionnel associé à Egypt. On le retrouve lors des repas familiaux et des occasions spéciales, avec des variantes selon les régions et les saisons.",Traditionnel,15,Végétarien,https://www.196flavors.com/fr/?s=Koshari
43,Eritrea,Zigni (wat),"Ragoût épicé, viande, berbere, oignon, ail, injera",Savane Zigni (wat) — Eritrea,"Zigni (wat) est un plat traditionnel associé à Eritrea. On le retrouve lors des repas familiaux et des occasions spéciales, avec des variantes selon les régions et les saisons.",Traditionnel,13,Viande,https://www.196flavors.com/fr/?s=Zigni+%28wat%29
44,Estonia,Kiluvõileib,"Pain noir, sprats, œuf, beurre, herbes",Le Marché Kiluvõileib — Estonia,"Kiluvõileib est un plat traditionnel associé à Estonia. On le retrouve lors des repas familiaux et des occasions spéciales, avec des variantes selon les régions et les saisons.",Traditionnel,8.5,Poisson,https://www.196flavors.com/fr/?s=Kiluv%C3%B5ileib
45,Ethiopia,Injera & misir wat,"Injera (teff), lentilles, berbere, oignon, ail","Chez Maman Injera & misir wat — Addis-Abeba, Ethiopia","Injera & misir wat est un plat traditionnel associé à Ethiopia. On le retrouve lors des repas familiaux et des occasions spéciales, avec des variantes selon les régions et les saisons.",Traditionnel,8.5,Végétarien,https://www.196flavors.com/fr/?s=Injera+%26+misir+wat
46,Finland,Karjalanpiirakka,"Pâte de seigle, riz au lait, beurre à l’œuf",La Brasserie Karjalanpiirakka — Finland,"Karjalanpiirakka est un plat traditionnel associé à Finland. On le retrouve lors des repas familiaux et des occasions spéciales, avec des variantes selon les régions et les saisons.",Traditionnel,15,Végétarien,https://www.196flavors.com/fr/?s=Karjalanpiirakka
47,Gabon,Poulet Nyembwe,"Poulet, noix de palme, oignon, ail, piment",Le Baobab Poulet Nyembwe — Gabon,"Poulet Nyembwe est un plat traditionnel associé à Gabon. On le retrouve lors des repas familiaux et des occasions spéciales, avec des variantes selon les régions et les saisons.",Traditionnel,13,Viande halal,https://www.196flavors.com/fr/?s=Poulet+Nyembwe
48,UnitedKingdom,Fish and chips,"Poisson pané, frites, sel, vinaigre","La Brasserie Fish and chips — Londres, UnitedKingdom","Fish and chips est un plat traditionnel associé à UnitedKingdom. On le retrouve lors des repas familiaux et des occasions spéciales, avec des variantes selon les régions et les saisons.",Traditionnel,8.5,Poisson,https://www.196flavors.com/fr/?s=Fish+and+chips
49,Georgia,Khachapuri,"Pain, fromage, œuf, beurre",Le Bazar Khachapuri — Georgia,"Khachapuri est un plat traditionnel associé à Georgia. On le retrouve lors des repas familiaux et des occasions spéciales, avec des variantes selon les régions et les saisons.",Traditionnel,15,Végétarien,https://www.196flavors.com/fr/?s=Khachapuri
50,Ghana,Jollof rice,"Riz, tomate, oignon, épices, poulet (option)",Chez Maman Jollof rice — Ghana,"Jollof rice est un plat traditionnel associé à Ghana. On le retrouve lors des repas familiaux et des occasions spéciales, avec des variantes selon les régions et les saisons.",Traditionnel,15,Viande,https://www.196flavors.com/fr/?s=Jollof+rice
51,Guinea,Riz gras,"Riz, tomate, oignon, huile, légumes, viande (option)",Le Baobab Riz gras — Guinea,"Riz gras est un plat traditionnel associé à Guinea. On le retrouve lors des repas familiaux et des occasions spéciales, avec des variantes selon les régions et les saisons.",Traditionnel,15,Viande halal,https://www.196flavors.com/fr/?s=Riz+gras
52,Gambia,Domoda,"Sauce arachide, tomate, oignon, épices, poulet (option)",Le Sahel Domoda — Gambia,"Domoda est un plat traditionnel associé à Gambia. On le retrouve lors des repas familiaux et des occasions spéciales, avec des variantes selon les régions et les saisons.",Traditionnel,15,Viande halal,https://www.196flavors.com/fr/?s=Domoda
53,GuineaBissau,Caldo de mancarra,"Sauce arachide, tomate, oignon, poisson/poulet (option)",Chez Maman Caldo de mancarra — GuineaBissau,"Caldo de mancarra est un plat traditionnel associé à GuineaBissau. On le retrouve lors des repas familiaux et des occasions spéciales, avec des variantes selon les régions et les saisons.",Traditionnel,15,Viande halal,https://www.196flavors.com/fr/?s=Caldo+de+mancarra
54,EquatorialGuinea,Succotash local (soupe),"Légumes, haricots, banane plantain, viande/poisson (option)",Chez Maman Succotash local (soupe) — EquatorialGuinea,"Succotash local (soupe) est un plat traditionnel associé à EquatorialGuinea. On le retrouve lors des repas familiaux et des occasions spéciales, avec des variantes selon les régions et les saisons.",Traditionnel,15,Viande,https://www.196flavors.com/fr/?s=Succotash+local+%28soupe%29
55,Greece,Moussaka,"Aubergine, viande hachée, tomate, béchamel, épices",La Brasserie Moussaka — Greece,"Moussaka est un plat traditionnel associé à Greece. On le retrouve lors des repas familiaux et des occasions spéciales, avec des variantes selon les régions et les saisons.",Traditionnel,15,Viande,https://www.196flavors.com/fr/?s=Moussaka
56,Greenland,Suaasat,"Soupe, viande (phoque/renne), oignon, riz/orge",El Fogón Suaasat — Greenland,"Suaasat est un plat traditionnel associé à Greenland. On le retrouve lors des repas familiaux et des occasions spéciales, avec des variantes selon les régions et les saisons.",Traditionnel,15,Viande,https://www.196flavors.com/fr/?s=Suaasat
57,Guatemala,Pepián,"Sauce épaisse, tomate, piment, graines, poulet (option)",Sabor Latino Pepián — Guatemala,"Pepián est un plat traditionnel associé à Guatemala. On le retrouve lors des repas familiaux et des occasions spéciales, avec des variantes selon les régions et les saisons.",Traditionnel,15,Viande,https://www.196flavors.com/fr/?s=Pepi%C3%A1n
58,Guyana,Pepperpot,"Ragoût, viande, manioc cassareep, épices",La Cocina Pepperpot — Guyana,"Pepperpot est un plat traditionnel associé à Guyana. On le retrouve lors des repas familiaux et des occasions spéciales, avec des variantes selon les régions et les saisons.",Traditionnel,8.5,Viande halal,https://www.196flavors.com/fr/?s=Pepperpot
59,Honduras,Baleadas,"Tortilla farine, haricots, fromage, crème",El Fogón Baleadas — Honduras,"Baleadas est un plat traditionnel associé à Honduras. On le retrouve lors des repas familiaux et des occasions spéciales, avec des variantes selon les régions et les saisons.",Traditionnel,15,Végétarien,https://www.196flavors.com/fr/?s=Baleadas
60,Croatia,Pašticada,"Bœuf mariné, vin, pruneaux, sauce, gnocchis",Le Vieux Port Pašticada — Croatia,"Pašticada est un plat traditionnel associé à Croatia. On le retrouve lors des repas familiaux et des occasions spéciales, avec des variantes selon les régions et les saisons.",Traditionnel,15,Viande,https://www.196flavors.com/fr/?s=Pa%C5%A1ticada
61,Haiti,Griot,"Porc mariné, agrumes, piment, banane plantain",El Mercado Griot — Haiti,"Griot est un plat traditionnel associé à Haiti. On le retrouve lors des repas familiaux et des occasions spéciales, avec des variantes selon les régions et les saisons.",Traditionnel,15,Viande,https://www.196flavors.com/fr/?s=Griot
62,Hungary,Goulash,"Bœuf, paprika, oignon, pomme de terre, carotte",La Cantine Goulash — Hungary,"Goulash est un plat traditionnel associé à Hungary. On le retrouve lors des repas familiaux et des occasions spéciales, avec des variantes selon les régions et les saisons.",Traditionnel,15,Viande,https://www.196flavors.com/fr/?s=Goulash
63,Indonesia,Nasi goreng,"Riz sauté, sauce soja, œuf, légumes, poulet (option)","Saffron Nasi goreng — Jakarta, Indonesia","Nasi goreng est un plat traditionnel associé à Indonesia. On le retrouve lors des repas familiaux et des occasions spéciales, avec des variantes selon les régions et les saisons.",Traditionnel,8.5,Viande halal,https://www.196flavors.com/fr/?s=Nasi+goreng
64,India,Thali végétarien,"Riz/chapati, dal, légumes, chutneys, épices","Silk Road Thali végétarien — New Delhi, India","Thali végétarien est un plat traditionnel associé à India. On le retrouve lors des repas familiaux et des occasions spéciales, avec des variantes selon les régions et les saisons.",Traditionnel,15,Végétarien,https://www.196flavors.com/fr/?s=Thali+v%C3%A9g%C3%A9tarien
65,Ireland,Irish stew,"Agneau, pomme de terre, carotte, oignon, thym",La Brasserie Irish stew — Ireland,"Irish stew est un plat traditionnel associé à Ireland. On le retrouve lors des repas familiaux et des occasions spéciales, avec des variantes selon les régions et les saisons.",Traditionnel,15,Viande,https://www.196flavors.com/fr/?s=Irish+stew
66,Iran,Ghormeh sabzi,"Herbes, haricots rouges, citron noir, agneau (option), riz","Jade Ghormeh sabzi — Téhéran, Iran","Ghormeh sabzi est un plat traditionnel associé à Iran. On le retrouve lors des repas familiaux et des occasions spéciales, avec des variantes selon les régions et les saisons.",Traditionnel,13,Viande halal,https://www.196flavors.com/fr/?s=Ghormeh+sabzi
67,Iraq,Masgouf,"Carpe, citron, épices, accompagnements",Silk Road Masgouf — Iraq,"Masgouf est un plat traditionnel associé à Iraq. On le retrouve lors des repas familiaux et des occasions spéciales, avec des variantes selon les régions et les saisons.",Traditionnel,13,Viande halal,https://www.196flavors.com/fr/?s=Masgouf
68,Iceland,Plokkfiskur,"Poisson, pomme de terre, oignon, béchamel, beurre",L'Auberge Plokkfiskur — Iceland,"Plokkfiskur est un plat traditionnel associé à Iceland. On le retrouve lors des repas familiaux et des occasions spéciales, avec des variantes selon les régions et les saisons.",Traditionnel,4,Poisson,https://www.196flavors.com/fr/?s=Plokkfiskur
69,Israel,Challah,"Farine de blé, eau, levure boulangère, œufs, sucre (ou miel), huile (souvent végétale), sel, graines de sésame ou pavot (optionnel)","Marché Mahane Yehuda (boulangeries) — Jérusalem, Israël","La challah (hallah) est une brioche/pain tressé emblématique consommé pour Shabbat et les fêtes juives. En Israël, elle est très présente dans les boulangeries et sur les tables familiales, avec des variantes (graines, miel, formes spéciales selon les fêtes).",Traditionnel,8.5,Végétarien,https://www.myjewishlearning.com/the-nosher/classic-challah-recipe/
70,Italy,Risotto alla milanese,"Riz arborio, safran, bouillon, parmesan, beurre","Le Marché Risotto alla milanese — Rome, Italy","Risotto alla milanese est un plat traditionnel associé à Italy. On le retrouve lors des repas familiaux et des occasions spéciales, avec des variantes selon les régions et les saisons.",Traditionnel,13,Végétarien,https://www.196flavors.com/fr/?s=Risotto+alla+milanese
71,Jamaica,Ackee and saltfish,"Ackee, morue salée, oignon, poivron, tomate, épices",La Parrilla Ackee and saltfish — Jamaica,"Ackee and saltfish est un plat traditionnel associé à Jamaica. On le retrouve lors des repas familiaux et des occasions spéciales, avec des variantes selon les régions et les saisons.",Traditionnel,15,Poisson,https://www.196flavors.com/fr/?s=Ackee+and+saltfish
72,Jordan,Mansaf,"Agneau, yaourt jameed, riz, pignons, épices",Silk Road Mansaf — Jordan,"Mansaf est un plat traditionnel associé à Jordan. On le retrouve lors des repas familiaux et des occasions spéciales, avec des variantes selon les régions et les saisons.",Traditionnel,13,Viande halal,https://www.196flavors.com/fr/?s=Mansaf
73,Japan,Okonomiyaki,"Chou, pâte, œufs, sauce, bonite (option)","Maison du Levant Okonomiyaki — Tokyo, Japan","Okonomiyaki est un plat traditionnel associé à Japan. On le retrouve lors des repas familiaux et des occasions spéciales, avec des variantes selon les régions et les saisons.",Traditionnel,15,Poisson,https://www.196flavors.com/fr/?s=Okonomiyaki
74,Kazakhstan,Beshbarmak,"Viande (cheval/bœuf), pâtes, oignon, bouillon",Silk Road Beshbarmak — Kazakhstan,"Beshbarmak est un plat traditionnel associé à Kazakhstan. On le retrouve lors des repas familiaux et des occasions spéciales, avec des variantes selon les régions et les saisons.",Traditionnel,8.5,Viande halal,https://www.196flavors.com/fr/?s=Beshbarmak
75,Kenya,Ugali & sukuma wiki,"Farine de maïs, eau, chou kale, oignon, tomate","Le Baobab Ugali & sukuma wiki — Nairobi, Kenya","Ugali & sukuma wiki est un plat traditionnel associé à Kenya. On le retrouve lors des repas familiaux et des occasions spéciales, avec des variantes selon les régions et les saisons.",Traditionnel,15,Végétarien,https://www.196flavors.com/fr/?s=Ugali+%26+sukuma+wiki
76,Kyrgyzstan,Lagman,"Nouilles, viande, poivron, tomate, oignon, épices",Le Bazar Lagman — Kyrgyzstan,"Lagman est un plat traditionnel associé à Kyrgyzstan. On le retrouve lors des repas familiaux et des occasions spéciales, avec des variantes selon les régions et les saisons.",Traditionnel,13,Viande halal,https://www.196flavors.com/fr/?s=Lagman
77,Cambodia,Amok trey,"Poisson, lait de coco, kroeung, œuf, feuilles de bananier",Maison du Levant Amok trey — Cambodia,"Amok trey est un plat traditionnel associé à Cambodia. On le retrouve lors des repas familiaux et des occasions spéciales, avec des variantes selon les régions et les saisons.",Traditionnel,8.5,Poisson,https://www.196flavors.com/fr/?s=Amok+trey
78,Republic of Korea,Bibimbap,"Riz, légumes, œuf, gochujang (option viande)",Saffron Bibimbap — Republic of Korea,"Bibimbap est un plat traditionnel associé à Republic of Korea. On le retrouve lors des repas familiaux et des occasions spéciales, avec des variantes selon les régions et les saisons.",Traditionnel,15,Végétarien,https://www.196flavors.com/fr/?s=Bibimbap
79,Kuwait,Machboos,"Riz, poulet/agneau, tomate, épices, citron séché",Jade Machboos — Kuwait,"Machboos est un plat traditionnel associé à Kuwait. On le retrouve lors des repas familiaux et des occasions spéciales, avec des variantes selon les régions et les saisons.",Traditionnel,15,Viande halal,https://www.196flavors.com/fr/?s=Machboos
80,LaoPDR,Laap,"Viande hachée, menthe, citron vert, riz grillé, herbes",Saffron Laap — LaoPDR,"Laap est un plat traditionnel associé à LaoPDR. On le retrouve lors des repas familiaux et des occasions spéciales, avec des variantes selon les régions et les saisons.",Traditionnel,8.5,Viande,https://www.196flavors.com/fr/?s=Laap
81,Lebanon,Tabbouleh,"Persil, boulgour, tomate, oignon, menthe, citron",Le Caravanserail Tabbouleh — Lebanon,"Tabbouleh est un plat traditionnel associé à Lebanon. On le retrouve lors des repas familiaux et des occasions spéciales, avec des variantes selon les régions et les saisons.",Traditionnel,8.5,Vegan,https://www.196flavors.com/fr/?s=Tabbouleh
82,Liberia,Palava sauce,"Feuilles vertes, huile de palme, oignon, piment, aubergine",Le Baobab Palava sauce — Liberia,"Palava sauce est un plat traditionnel associé à Liberia. On le retrouve lors des repas familiaux et des occasions spéciales, avec des variantes selon les régions et les saisons.",Traditionnel,15,Végétarien,https://www.196flavors.com/fr/?s=Palava+sauce
83,Libya,Bazin,"Pâte d’orge, sauce tomate, épices, viande (option)",Le Kilimandjaro Bazin — Libya,"Bazin est un plat traditionnel associé à Libya. On le retrouve lors des repas familiaux et des occasions spéciales, avec des variantes selon les régions et les saisons.",Traditionnel,15,Viande halal,https://www.196flavors.com/fr/?s=Bazin
84,SriLanka,Kottu roti,"Roti haché, légumes, œuf, épices, poulet (option)",Golden Wok Kottu roti — SriLanka,"Kottu roti est un plat traditionnel associé à SriLanka. On le retrouve lors des repas familiaux et des occasions spéciales, avec des variantes selon les régions et les saisons.",Traditionnel,8.5,Viande,https://www.196flavors.com/fr/?s=Kottu+roti
85,Lesotho,Papa & moroho,"Bouillie de maïs, légumes verts, oignon, tomate",Teranga Papa & moroho — Lesotho,"Papa & moroho est un plat traditionnel associé à Lesotho. On le retrouve lors des repas familiaux et des occasions spéciales, avec des variantes selon les régions et les saisons.",Traditionnel,15,Végétarien,https://www.196flavors.com/fr/?s=Papa+%26+moroho
86,Lithuania,Cepelinai,"Pommes de terre, farce viande, crème, lardons (option)",Chez Grand-Mère Cepelinai — Lithuania,"Cepelinai est un plat traditionnel associé à Lithuania. On le retrouve lors des repas familiaux et des occasions spéciales, avec des variantes selon les régions et les saisons.",Traditionnel,8.5,Viande,https://www.196flavors.com/fr/?s=Cepelinai
87,Luxembourg,Gromperekichelcher,"Pommes de terre, oignon, persil, œuf, farine",La Table Gromperekichelcher — Luxembourg,"Gromperekichelcher est un plat traditionnel associé à Luxembourg. On le retrouve lors des repas familiaux et des occasions spéciales, avec des variantes selon les régions et les saisons.",Traditionnel,15,Végétarien,https://www.196flavors.com/fr/?s=Gromperekichelcher
88,Latvia,Pelēkie zirņi,"Pois gris, oignon, lardons (option), beurre",La Table Pelēkie zirņi — Latvia,"Pelēkie zirņi est un plat traditionnel associé à Latvia. On le retrouve lors des repas familiaux et des occasions spéciales, avec des variantes selon les régions et les saisons.",Traditionnel,8.5,Viande,https://www.196flavors.com/fr/?s=Pel%C4%93kie+zir%C5%86i
89,Morocco,Tajine de légumes,"Légumes, olive, citron confit, épices, huile d’olive","Chez Maman Tajine de légumes — Casablanca, Morocco","Tajine de légumes est un plat traditionnel associé à Morocco. On le retrouve lors des repas familiaux et des occasions spéciales, avec des variantes selon les régions et les saisons.",Traditionnel,13,Vegan,https://www.196flavors.com/fr/?s=Tajine+de+l%C3%A9gumes
90,Moldova,Mămăligă,"Semoule de maïs, fromage, crème, beurre",Chez Grand-Mère Mămăligă — Moldova,"Mămăligă est un plat traditionnel associé à Moldova. On le retrouve lors des repas familiaux et des occasions spéciales, avec des variantes selon les régions et les saisons.",Traditionnel,15,Végétarien,https://www.196flavors.com/fr/?s=M%C4%83m%C4%83lig%C4%83
91,Madagascar,Romazava,"Bouillon, brèdes, tomate, oignon, zébu (option)",Le Kilimandjaro Romazava — Madagascar,"Romazava est un plat traditionnel associé à Madagascar. On le retrouve lors des repas familiaux et des occasions spéciales, avec des variantes selon les régions et les saisons.",Traditionnel,8.5,Viande,https://www.196flavors.com/fr/?s=Romazava
92,Mexico,Chiles rellenos,"Poblano, fromage, œuf, sauce tomate","Sabor Latino Chiles rellenos — Mexico City, Mexico","Chiles rellenos est un plat traditionnel associé à Mexico. On le retrouve lors des repas familiaux et des occasions spéciales, avec des variantes selon les régions et les saisons.",Traditionnel,15,Végétarien,https://www.196flavors.com/fr/?s=Chiles+rellenos
93,Macedonia,Tavče gravče,"Haricots, oignon, paprika, huile, laurier",Le Vieux Port Tavče gravče — Macedonia,"Tavče gravče est un plat traditionnel associé à Macedonia. On le retrouve lors des repas familiaux et des occasions spéciales, avec des variantes selon les régions et les saisons.",Traditionnel,8.5,Végétarien,https://www.196flavors.com/fr/?s=Tav%C4%8De+grav%C4%8De
94,Mali,Tiguadèguèna,"Sauce arachide, tomate, oignon, épices, viande (option)","Savane Tiguadèguèna — Bamako, Mali","Tiguadèguèna est un plat traditionnel associé à Mali. On le retrouve lors des repas familiaux et des occasions spéciales, avec des variantes selon les régions et les saisons.",Traditionnel,15,Viande halal,https://www.196flavors.com/fr/?s=Tiguad%C3%A8gu%C3%A8na
95,Myanmar,Mohinga,"Soupe nouilles, poisson, citronnelle, oignon, œuf",Maison du Levant Mohinga — Myanmar,"Mohinga est un plat traditionnel associé à Myanmar. On le retrouve lors des repas familiaux et des occasions spéciales, avec des variantes selon les régions et les saisons.",Traditionnel,8.5,Poisson,https://www.196flavors.com/fr/?s=Mohinga
96,Montenegro,Kačamak,"Maïs/pomme de terre, fromage, beurre",Le Marché Kačamak — Montenegro,"Kačamak est un plat traditionnel associé à Montenegro. On le retrouve lors des repas familiaux et des occasions spéciales, avec des variantes selon les régions et les saisons.",Traditionnel,15,Végétarien,https://www.196flavors.com/fr/?s=Ka%C4%8Damak
97,Mongolia,Buuz,"Raviolis, viande, oignon, ail, pâte",Le Caravanserail Buuz — Mongolia,"Buuz est un plat traditionnel associé à Mongolia. On le retrouve lors des repas familiaux et des occasions spéciales, avec des variantes selon les régions et les saisons.",Traditionnel,15,Viande,https://www.196flavors.com/fr/?s=Buuz
98,Mozambique,Matapa,"Feuilles de manioc, arachide, lait de coco, ail",Le Baobab Matapa — Mozambique,"Matapa est un plat traditionnel associé à Mozambique. On le retrouve lors des repas familiaux et des occasions spéciales, avec des variantes selon les régions et les saisons.",Traditionnel,15,Végétarien,https://www.196flavors.com/fr/?s=Matapa
99,Mauritania,Thieboudienne mauritanien,"Riz, poisson, légumes, tomate, épices",Le Sahel Thieboudienne mauritanien — Mauritania,"Thieboudienne mauritanien est un plat traditionnel associé à Mauritania. On le retrouve lors des repas familiaux et des occasions spéciales, avec des variantes selon les régions et les saisons.",Traditionnel,13,Viande halal,https://www.196flavors.com/fr/?s=Thieboudienne+mauritanien
100,Malawi,Nsima & relish,"Farine de maïs, légumes, tomate, oignon",Le Sahel Nsima & relish — Malawi,"Nsima & relish est un plat traditionnel associé à Malawi. On le retrouve lors des repas familiaux et des occasions spéciales, avec des variantes selon les régions et les saisons.",Traditionnel,15,Végétarien,https://www.196flavors.com/fr/?s=Nsima+%26+relish
101,Malaysia,Nasi lemak,"Riz coco, sambal, anchois (option), œuf, concombre",Le Caravanserail Nasi lemak — Malaysia,"Nasi lemak est un plat traditionnel associé à Malaysia. On le retrouve lors des repas familiaux et des occasions spéciales, avec des variantes selon les régions et les saisons.",Traditionnel,15,Viande halal,https://www.196flavors.com/fr/?s=Nasi+lemak
102,Namibia,Kapana,"Bœuf grillé, épices, oignon, sauce piment",Le Kilimandjaro Kapana — Namibia,"Kapana est un plat traditionnel associé à Namibia. On le retrouve lors des repas familiaux et des occasions spéciales, avec des variantes selon les régions et les saisons.",Traditionnel,8.5,Viande,https://www.196flavors.com/fr/?s=Kapana
103,Niger,Dambou,"Couscous de millet, légumes, épices, huile",Le Baobab Dambou — Niger,"Dambou est un plat traditionnel associé à Niger. On le retrouve lors des repas familiaux et des occasions spéciales, avec des variantes selon les régions et les saisons.",Traditionnel,15,Végétarien,https://www.196flavors.com/fr/?s=Dambou
104,Nigeria,Jollof rice,"Riz, tomate, oignon, épices, poulet (option)","Le Baobab Jollof rice — Lagos, Nigeria","Jollof rice est un plat traditionnel associé à Nigeria. On le retrouve lors des repas familiaux et des occasions spéciales, avec des variantes selon les régions et les saisons.",Traditionnel,8.5,Viande halal,https://www.196flavors.com/fr/?s=Jollof+rice
105,Nicaragua,Gallo pinto,"Riz, haricots, oignon, coriandre, épices",La Parrilla Gallo pinto — Nicaragua,"Gallo pinto est un plat traditionnel associé à Nicaragua. On le retrouve lors des repas familiaux et des occasions spéciales, avec des variantes selon les régions et les saisons.",Traditionnel,15,Végétarien,https://www.196flavors.com/fr/?s=Gallo+pinto
106,Norway,Fårikål,"Agneau, chou, poivre, sel, eau",Le Marché Fårikål — Norway,"Fårikål est un plat traditionnel associé à Norway. On le retrouve lors des repas familiaux et des occasions spéciales, avec des variantes selon les régions et les saisons.",Traditionnel,15,Viande,https://www.196flavors.com/fr/?s=F%C3%A5rik%C3%A5l
107,Nepal,Dal bhat,"Riz, lentilles, légumes, achar, épices",Le Bazar Dal bhat — Nepal,"Dal bhat est un plat traditionnel associé à Nepal. On le retrouve lors des repas familiaux et des occasions spéciales, avec des variantes selon les régions et les saisons.",Traditionnel,15,Végétarien,https://www.196flavors.com/fr/?s=Dal+bhat
108,Oman,Shuwa,"Agneau mariné, épices, cuisson lente, riz",Le Bazar Shuwa — Oman,"Shuwa est un plat traditionnel associé à Oman. On le retrouve lors des repas familiaux et des occasions spéciales, avec des variantes selon les régions et les saisons.",Traditionnel,8.5,Viande halal,https://www.196flavors.com/fr/?s=Shuwa
109,Pakistan,Biryani,"Riz, poulet/agneau, épices, oignon, yaourt","Saffron Biryani — Lahore, Pakistan","Biryani est un plat traditionnel associé à Pakistan. On le retrouve lors des repas familiaux et des occasions spéciales, avec des variantes selon les régions et les saisons.",Traditionnel,15,Viande halal,https://www.196flavors.com/fr/?s=Biryani
110,Panama,Sancocho,"Soupe poulet, igname, coriandre, oignon",Casa Sancocho — Panama,"Sancocho est un plat traditionnel associé à Panama. On le retrouve lors des repas familiaux et des occasions spéciales, avec des variantes selon les régions et les saisons.",Traditionnel,15,Viande,https://www.196flavors.com/fr/?s=Sancocho
111,Peru,Ceviche,"Poisson, citron vert, oignon rouge, piment, coriandre",El Fogón Ceviche — Peru,"Ceviche est un plat traditionnel associé à Peru. On le retrouve lors des repas familiaux et des occasions spéciales, avec des variantes selon les régions et les saisons.",Traditionnel,8.5,Poisson,https://www.196flavors.com/fr/?s=Ceviche
112,Philippines,Adobo,"Poulet/porc, vinaigre, sauce soja, ail, laurier",Le Bazar Adobo — Philippines,"Adobo est un plat traditionnel associé à Philippines. On le retrouve lors des repas familiaux et des occasions spéciales, avec des variantes selon les régions et les saisons.",Traditionnel,8.5,Viande,https://www.196flavors.com/fr/?s=Adobo
113,PapuaNewGuinea,Mumu,"Viande, tubercules, légumes, cuisson à l’étouffée",Harbour Mumu — PapuaNewGuinea,"Mumu est un plat traditionnel associé à PapuaNewGuinea. On le retrouve lors des repas familiaux et des occasions spéciales, avec des variantes selon les régions et les saisons.",Traditionnel,13,Viande,https://www.196flavors.com/fr/?s=Mumu
114,Poland,Pierogi,"Pâte, pomme de terre-fromage, oignon (ou viande)",La Brasserie Pierogi — Poland,"Pierogi est un plat traditionnel associé à Poland. On le retrouve lors des repas familiaux et des occasions spéciales, avec des variantes selon les régions et les saisons.",Traditionnel,15,Végétarien,https://www.196flavors.com/fr/?s=Pierogi
115,DemRepKorea,raengmyon de Pyongyang,Ingrédients traditionnels locaux (selon recettes régionales),Golden Wok raengmyon de Pyongyang — DemRepKorea,"Plat traditionnel est un plat traditionnel associé à DemRepKorea. On le retrouve lors des repas familiaux et des occasions spéciales, avec des variantes selon les régions et les saisons.",Traditionnel,8.5,Variable,https://www.196flavors.com/fr/?s=raengmyon+de+Pyongyang
116,Paraguay,Chipa,"Farine de manioc, fromage, œufs, lait",La Cantina Chipa — Paraguay,"Chipa est un plat traditionnel associé à Paraguay. On le retrouve lors des repas familiaux et des occasions spéciales, avec des variantes selon les régions et les saisons.",Traditionnel,15,Végétarien,https://www.196flavors.com/fr/?s=Chipa
117,Palestine,Musakhan,"Poulet, sumac, oignon, pain taboon, huile d’olive",Maison du Levant Musakhan — Palestine,"Musakhan est un plat traditionnel associé à Palestine. On le retrouve lors des repas familiaux et des occasions spéciales, avec des variantes selon les régions et les saisons.",Traditionnel,15,Viande halal,https://www.196flavors.com/fr/?s=Musakhan
118,Qatar,Machboos,"Riz, viande, épices, tomate, citron séché","Jade Machboos — Doha, Qatar","Machboos est un plat traditionnel associé à Qatar. On le retrouve lors des repas familiaux et des occasions spéciales, avec des variantes selon les régions et les saisons.",Traditionnel,8.5,Viande halal,https://www.196flavors.com/fr/?s=Machboos
119,Romania,Sarmale,"Chou, farce viande/riz, tomate, épices",La Cantine Sarmale — Romania,"Sarmale est un plat traditionnel associé à Romania. On le retrouve lors des repas familiaux et des occasions spéciales, avec des variantes selon les régions et les saisons.",Traditionnel,15,Viande,https://www.196flavors.com/fr/?s=Sarmale
120,Rwanda,Isombe,"Feuilles de manioc, arachide, oignon, épices",Le Sahel Isombe — Rwanda,"Isombe est un plat traditionnel associé à Rwanda. On le retrouve lors des repas familiaux et des occasions spéciales, avec des variantes selon les régions et les saisons.",Traditionnel,15,Végétarien,https://www.196flavors.com/fr/?s=Isombe
121,Western Sahara,Couscous sahraoui,"Semoule, légumes, épices, viande (option)",Le Baobab Couscous sahraoui — Western Sahara,"Couscous sahraoui est un plat traditionnel associé à Western Sahara. On le retrouve lors des repas familiaux et des occasions spéciales, avec des variantes selon les régions et les saisons.",Traditionnel,8.5,Viande halal,https://www.196flavors.com/fr/?s=Couscous+sahraoui
122,SaudiArabia,Kabsa,"Riz, poulet/agneau, tomate, épices","Le Bazar Kabsa — Riyad, SaudiArabia","Kabsa est un plat traditionnel associé à SaudiArabia. On le retrouve lors des repas familiaux et des occasions spéciales, avec des variantes selon les régions et les saisons.",Traditionnel,8.5,Viande halal,https://www.196flavors.com/fr/?s=Kabsa
123,Sudan,Ful medames,"Fèves, ail, citron, huile, cumin",Teranga Ful medames — Sudan,"Ful medames est un plat traditionnel associé à Sudan. On le retrouve lors des repas familiaux et des occasions spéciales, avec des variantes selon les régions et les saisons.",Traditionnel,15,Vegan,https://www.196flavors.com/fr/?s=Ful+medames
124,SouthSudan,Kisra & mullah,"Galette sorgho, sauce légumes, épices",Chez Maman Kisra & mullah — SouthSudan,"Kisra & mullah est un plat traditionnel associé à SouthSudan. On le retrouve lors des repas familiaux et des occasions spéciales, avec des variantes selon les régions et les saisons.",Traditionnel,8.5,Végétarien,https://www.196flavors.com/fr/?s=Kisra+%26+mullah
125,Senegal,Thieboudienne,"Riz, poisson, légumes, tomate, épices","Savane Thieboudienne — Dakar, Senegal","Thieboudienne est un plat traditionnel associé à Senegal. On le retrouve lors des repas familiaux et des occasions spéciales, avec des variantes selon les régions et les saisons.",Traditionnel,13,Viande halal,https://www.196flavors.com/fr/?s=Thieboudienne
126,SierraLeone,Cassava leaf stew,"Feuilles de manioc, huile, oignon, poisson/viande (option)",La Palmeraie Cassava leaf stew — SierraLeone,"Cassava leaf stew est un plat traditionnel associé à SierraLeone. On le retrouve lors des repas familiaux et des occasions spéciales, avec des variantes selon les régions et les saisons.",Traditionnel,15,Viande halal,https://www.196flavors.com/fr/?s=Cassava+leaf+stew
127,ElSalvador,Pupusas,"Galette maïs, fromage, haricots, chicharrón (option)",La Cocina Pupusas — ElSalvador,"Pupusas est un plat traditionnel associé à ElSalvador. On le retrouve lors des repas familiaux et des occasions spéciales, avec des variantes selon les régions et les saisons.",Traditionnel,15,Végétarien,https://www.196flavors.com/fr/?s=Pupusas
128,Serbia,Sarma,"Chou fermenté, farce viande/riz, épices",L'Auberge Sarma — Serbia,"Sarma est un plat traditionnel associé à Serbia. On le retrouve lors des repas familiaux et des occasions spéciales, avec des variantes selon les régions et les saisons.",Traditionnel,13,Viande,https://www.196flavors.com/fr/?s=Sarma
129,Suriname,Pom,"Tayer râpé, poulet, agrumes, épices",La Cocina Pom — Suriname,"Pom est un plat traditionnel associé à Suriname. On le retrouve lors des repas familiaux et des occasions spéciales, avec des variantes selon les régions et les saisons.",Traditionnel,15,Viande halal,https://www.196flavors.com/fr/?s=Pom
130,Slovakia,Bryndzové halušky,"Gnocchis, bryndza, beurre, lardons (option)",La Table Bryndzové halušky — Slovakia,"Bryndzové halušky est un plat traditionnel associé à Slovakia. On le retrouve lors des repas familiaux et des occasions spéciales, avec des variantes selon les régions et les saisons.",Traditionnel,6.75,Végétarien,https://www.196flavors.com/fr/?s=Bryndzov%C3%A9+halu%C5%A1ky
131,Slovenia,Kranjska klobasa,"Saucisse, moutarde, pain",L'Auberge Kranjska klobasa — Slovenia,"Kranjska klobasa est un plat traditionnel associé à Slovenia. On le retrouve lors des repas familiaux et des occasions spéciales, avec des variantes selon les régions et les saisons.",Traditionnel,9,Viande,https://www.196flavors.com/fr/?s=Kranjska+klobasa
132,Sweden,Köttbullar,"Boulettes, bœuf/porc, crème, airelles",La Brasserie Köttbullar — Sweden,"Köttbullar est un plat traditionnel associé à Sweden. On le retrouve lors des repas familiaux et des occasions spéciales, avec des variantes selon les régions et les saisons.",Traditionnel,2,Viande,https://www.196flavors.com/fr/?s=K%C3%B6ttbullar
133,Swaziland,Sishwala,"Bouillie de maïs, eau, sel, légumes en accompagnement",Teranga Sishwala — Swaziland,"Sishwala est un plat traditionnel associé à Swaziland. On le retrouve lors des repas familiaux et des occasions spéciales, avec des variantes selon les régions et les saisons.",Traditionnel,1.25,Végétarien,https://www.196flavors.com/fr/?s=Sishwala
134,Syria,Fatteh,"Pain pita, pois chiches, yaourt, tahini, pignons",Jade Fatteh — Syria,"Fatteh est un plat traditionnel associé à Syria. On le retrouve lors des repas familiaux et des occasions spéciales, avec des variantes selon les régions et les saisons.",Traditionnel,6,Végétarien,https://www.196flavors.com/fr/?s=Fatteh
135,Chad,Jarret de bœuf sauce,"Bœuf, tomate, oignon, gombo, épices",Le Baobab Jarret de bœuf sauce — Chad,"Jarret de bœuf sauce est un plat traditionnel associé à Chad. On le retrouve lors des repas familiaux et des occasions spéciales, avec des variantes selon les régions et les saisons.",Traditionnel,8,Viande halal,https://www.196flavors.com/fr/?s=Jarret+de+b%C5%93uf+sauce
136,Togo,Fufu & sauce arachide,"Manioc/banane plantain, sauce arachide, tomate, oignon",Le Sahel Fufu & sauce arachide — Togo,"Fufu & sauce arachide est un plat traditionnel associé à Togo. On le retrouve lors des repas familiaux et des occasions spéciales, avec des variantes selon les régions et les saisons.",Traditionnel,4.5,Végétarien,https://www.196flavors.com/fr/?s=Fufu+%26+sauce+arachide
137,Thailand,Pad thai,"Nouilles riz, œuf, tofu, cacahuètes, sauce tamarin (option crevettes)","Golden Wok Pad thai — Bangkok, Thailand","Pad thai est un plat traditionnel associé à Thailand. On le retrouve lors des repas familiaux et des occasions spéciales, avec des variantes selon les régions et les saisons.",Traditionnel,7,Poisson,https://www.196flavors.com/fr/?s=Pad+thai
138,Tajikistan,Osh (plov),"Riz, carotte, oignon, agneau, épices",Golden Wok Osh (plov) — Tajikistan,"Osh (plov) est un plat traditionnel associé à Tajikistan. On le retrouve lors des repas familiaux et des occasions spéciales, avec des variantes selon les régions et les saisons.",Traditionnel,4.5,Viande halal,https://www.196flavors.com/fr/?s=Osh+%28plov%29
139,Turkmenistan,Ichlekli,"Tourte, viande, oignon, pâte",Maison du Levant Ichlekli — Turkmenistan,"Ichlekli est un plat traditionnel associé à Turkmenistan. On le retrouve lors des repas familiaux et des occasions spéciales, avec des variantes selon les régions et les saisons.",Traditionnel,3.5,Viande halal,https://www.196flavors.com/fr/?s=Ichlekli
140,Timor-Leste,Ikan sabuko,"Poisson, tamarin, épices, légumes",Maison du Levant Ikan sabuko — Timor-Leste,"Ikan sabuko est un plat traditionnel associé à Timor-Leste. On le retrouve lors des repas familiaux et des occasions spéciales, avec des variantes selon les régions et les saisons.",Traditionnel,2,Poisson,https://www.196flavors.com/fr/?s=Ikan+sabuko
141,Tunisia,Couscous tunisien,"Semoule, légumes, harissa, pois chiches, viande (option)","Le Baobab Couscous tunisien — Tunis, Tunisia","Couscous tunisien est un plat traditionnel associé à Tunisia. On le retrouve lors des repas familiaux et des occasions spéciales, avec des variantes selon les régions et les saisons.",Traditionnel,2,Viande halal,https://www.196flavors.com/fr/?s=Couscous+tunisien
142,Turkey,Lahmacun,"Pâte à pain, viande hachée, poivrons (vert ou rouge), tomates, oignons et épices","Güneşlibahçe Sok. No:26, Caferağa, 34710 Kadıköy/İstanbul, Türkiye","Le lahmacun puise ses origines au cœur du Moyen-Orient. Cette spécialité tant appréciée se consomme déjà par les Assyriens deux mille ans avant J.-C. Des marchands grecs se laissent séduire par cette recette unique et la rapportent dans leur propre pays. Littéralement, lahmacun provient des termes arabes « lahm » (viande) et « macun » (pâte).",2000ans av J-C,1.25,Viande halal,https://www.amourdecuisine.fr/article-lahmacun-recette-authentique-de-pizza-turque.html
143,Taiwan,Beef Noodle Soup,"Bœuf braisé, nouilles de blé, bouillon (sauce soja, pâte de haricots fermentés, ail, gingembre, anis étoilé), légumes verts, coriandre","Din Tai Fung — Taipei, Taiwan","La Beef Noodle Soup est l’un des plats nationaux les plus emblématiques de Taïwan. Introduite par des soldats chinois du Sichuan après 1949, elle a évolué localement pour devenir une spécialité taïwanaise. Le bouillon riche et épicé, combiné au bœuf tendre et aux nouilles épaisses, en fait un plat profondément ancré dans la culture culinaire du pays. Un festival annuel de la soupe de nouilles au bœuf est même organisé à Taipei.","Années 1950, Taipei, Taiwan",4.5,Viande,https://www.196flavors.com/fr/?s=Beef+Noodle+Soup
144,Tanzania,Ugali,"Maïs moulu, eau, sel, parfois haricots ou légumes","Le Repère — Dar es Salaam, Tanzanie","L'ugali est l’aliment de base en Tanzanie et dans toute l’Afrique de l’Est. Préparé à partir de farine de maïs et d’eau, il accompagne traditionnellement divers ragoûts et sauces.",XIXᵉ siècle approximatif,7.5,Autre,https://www.196flavors.com/fr/?s=Ugali
145,Uganda,Matooke (matoke),"Bananes plantains vertes, huile, oignons, tomate","Mucho Bar & Grill — Kampala, Ouganda","Le matooke est un plat traditionnel ougandais fait à base de bananes plantains vertes cuites à la vapeur ou bouillies, souvent réduites en purée et servies avec une sauce.",Culture traditionnelle,15,Végétarien,https://www.196flavors.com/fr/?s=Matooke+%28matoke%29
146,Ukraine,Borscht,"Betterave, chou, carottes, pommes de terre, viande (souvent bœuf), crème aigre","Kanapa — Kiev, Ukraine","Le borscht est une soupe de betterave riche et colorée, emblématique de la cuisine ukrainienne, consommée chaude ou froide et généralement servie avec de la crème aigre.",XVIIIᵉ siècle,3,Viande,https://www.196flavors.com/fr/?s=Borscht
147,Uruguay,Chivito,"Steak de bœuf tranché, jambon, fromage, laitue, tomates, œufs, sauces","La Pasiva — Montevideo, Uruguay","Le chivito est un sandwich très populaire en Uruguay, garni de steak, de jambon, de fromage et souvent complété d’ingrédients variés.",Il est considéré comme le plat national informel.,9,Viande,https://www.196flavors.com/fr/?s=Chivito
148,Uzbekistan,Plov,"Riz, mouton ou bœuf, carottes, oignons, ail, cumin","Caravan — Tachkent, Ouzbékistan","Le plov, ou osh, est un plat de riz traditionel d’Ouzbékistan, souvent préparé avec de la viande et des épices, cuit lentement pour développer des saveurs riches.",Populaire depuis des siècles,11.5,Viande halal,https://www.196flavors.com/fr/?s=Plov
149,Venezuela,Pabellón Criollo,"Riz blanc, haricots noirs, bœuf effiloché, plantains frits","La Casa del Llano — Caracas, Venezuela","Le Pabellón Criollo est considéré comme le plat national vénézuélien, combinant des éléments de riz, haricots, viande et plantains, symbole de la diversité culinaire locale.",XXᵉ siècle,6,Viande,https://www.196flavors.com/fr/?s=Pabell%C3%B3n+Criollo
150,Vietnam,Pho,"Riz, bœuf ou poulet, bouillon aromatique (gingembre, oignon, épices), herbes fraîches","Phở 2000 — Hô Chi Minh-Ville, Vietnam","Le phở est une soupe de nouilles vietnamienne emblématique, avec un bouillon clair parfumé et des herbes fraîches, consommée toute la journée.",XIXᵉ siècle,14,Poissons/Viande,https://www.196flavors.com/fr/?s=Pho
151,Yemen,Saltah,"Flans de viande (agneau/bœuf), légumes, fenugrec, sahawiq (sauce piquante)","Al-Mashrabiya — Sana’a, Yémen","Le saltah est souvent considéré comme le plat national yéménite, une sorte de ragoût servi avec du pain et une sauce piquante sahawiq, riche et épicée.",Tradition ancienne,16,Viande halal,https://www.196flavors.com/fr/?s=Saltah
152,Zambia,Nshima,"Maïs moulu, eau, sel","Café Zambezi — Lusaka, Zambie","Le nshima est la base de l’alimentation zambienne, similaire à l’ugali, consommé avec des sauces, viandes ou légumes.",Tradition locale,9,Autre,https://www.196flavors.com/fr/?s=Nshima
153,Zimbabwe,Sadza,"Maïs moulu, eau, sel","Chesa Nyama — Harare, Zimbabwe","Le sadza est l’aliment de base au Zimbabwe, une pâte de maïs servie avec des sauces, légumes ou viandes en accompagnement, consommée quotidiennement.",Tradition locale,14,Autre,https://www.196flavors.com/fr/?s=Sadza
154,Somalia,Canjeero,"Farine, eau, levain léger, sel","Makaahiil Restaurant — Mogadiscio, Somalie","La canjeero (ou laxoox) est une sorte de crêpe légère, consommée au petit-déjeuner ou comme base pour d’autres plats, très répandue dans la cuisine somalienne.",Culture ancienne,2,Végétarien,https://www.196flavors.com/fr/?s=Canjeero
155,Kosovo,Flija,"Crêpe de farine, œufs, beurre, crème, yaourt","Te Syla — Prishtina, Kosovo","Le flija est un plat traditionnel composé de couches de pâte versées et cuites lentement au feu, souvent servies avec du yaourt ou du miel, très populaire au Kosovo.",Culture traditionnelle,8.5,Végétarien,https://www.196flavors.com/fr/?s=Flija
156,SouthAfrica,Bobotie,"Hachis de viande, lait, curry, pain, raisins secs","Mojo Market — Cape Town, Afrique du Sud","Le bobotie est un plat d’origine sud-africaine, mélangeant viande hachée épicée cuite au four avec une garniture à base d’œufs et de lait.",Cape colonial,5,Viande,https://www.196flavors.com/fr/?s=Bobotie
157,NewZealand,Hangi,"Viande (souvent agneau/poulet), légumes, feuilles, pierres chaudes","Gilmer’s Hangi Experience — Rotorua, NZ",Le hangi est une méthode maorie de cuisson enterrée utilisant des pierres chaudes ; c’est une tradition culinaire emblématique de Nouvelle-Zélande.,Coutume traditionnelle,6,Viande,https://www.196flavors.com/fr/?s=Hangi
158,Chile,Empanadas,"Pâte de blé, viande, œufs, olives, oignons","La Piojera — Santiago, Chili","Les empanadas chiliennes sont de petites pâtisseries salées, souvent farcies de viande, œufs et olives, très populaires dans toute la région.",Colonisation espagnole,9,Viande,https://www.196flavors.com/fr/?s=Empanadas
159,Netherlands,Stamppot,"Purée de pomme de terre, chou kale/poiresau, saucisse fumée","De Stamppot — Amsterdam, Pays-Bas",Le stamppot est un plat hollandais traditionnel composé de purée de pommes de terre mélangée à des légumes et accompagné de saucisses.,Cuisine paysanne,11.5,Viande,https://www.196flavors.com/fr/?s=Stamppot
160,Portugal,Bacalhau à Gomes de Sá,"Morue, pommes de terre, oignons, olives, huile d’olive","O Taberna Portuguesa — Lisbonne, Portugal","Le bacalhau à Gomes de Sá est une préparation traditionnelle portugaise de morue salée avec pommes de terre et oignons, l’un des plats nationaux les plus célèbres.",XIXᵉ siècle,7.5,Poissons,https://www.196flavors.com/fr/?s=Bacalhau+%C3%A0+Gomes+de+S%C3%A1
161,RussianFederation,Borscht,"Betterave, chou, carottes, pommes de terre, viande/crème","Dr. Zhivago — Moscou, Russie","Le borscht est une soupe emblématique consommée en Russie et en Ukraine, avec une base de betterave sucrée et des légumes.",XVIIIᵉ siècle,9,Viande,https://www.196flavors.com/fr/?s=Borscht
162,Spain,Paella,"Riz, safran, poulet, lapin, fruits de mer, légumes","La Barraca — Valence, Espagne","La paella valencienne est un plat de riz traditionnel espagnol à base de safran, viandes et fruits de mer, symbole de la gastronomie espagnole.",XIXᵉ siècle,10,Poissons/Viande,https://www.196flavors.com/fr/?s=Paella
163,France,Cassoulet,"Haricots blancs, confit de canard, porc, saucisse","Taillevent — Paris, France","Le cassoulet est un ragoût traditionnel du Sud-Ouest français, riche en haricots et viandes, représentatif de la gastronomie régionale.",XVIIIᵉ siècle,20,Viande,https://www.196flavors.com/fr/?s=Cassoulet
164,UnitedStates,Hamburger,"Bœuf haché, pain, fromage, laitue, tomates","Shake Shack — New York, États-Unis","Le hamburger est l’un des plats les plus iconiques des États-Unis, avec une galette de bœuf grillée servie dans un pain avec garnitures.",XXᵉ siècle,5.5,Viande,https://www.196flavors.com/fr/?s=Hamburger
165,FrenchGuiana,Awara broth,"Fruit d’awara, viande, poisson, légumes","Le Relais de Guyane — Cayenne, Guyane française","L’awara est une soupe traditionnelle guyanaise à base du fruit d’awara et de viandes/poissons, souvent servie lors de fêtes.",Tradition locale,9,Viande/Poisson,https://www.196flavors.com/fr/?s=Awara+broth
166,Aruba,Pan bati,"Farine de maïs, farine de blé, sucre, œufs","West Deck — Oranjestad, Aruba","Le pan bati est une galette traditionnelle arubaise, souvent servie avec du poisson ou de la viande.",Culture locale,20,Végétarien,https://www.196flavors.com/fr/?s=Pan+bati
167,Anguilla,Rum Punch & Grilled fish,"Rhum, jus de fruits / Poisson grillé frais",Lake House Restaurant — Anguilla,"Rhum punch et poisson grillé sont représentatifs de la cuisine caribéenne d’Anguilla, souvent simples et savoureux.",Tradition locale,11.5,Poissons/Viande,https://blog.remitly.com/lifestyle-culture/national-dishes-around-the-world-guide/
168,AmericanSamoa,Palusami,"Taro leaves, lait de coco, viande/thon","Robert’s Western Samoa — Pago Pago, Samoa américaines","Le palusami est une préparation de feuilles de taro cuite au lait de coco et souvent remplie de viande ou de poisson, populaire dans les îles du Pacifique.",Tradition polynésienne,14,Viande/Poisson,https://www.196flavors.com/fr/?s=Palusami
169,AntiguaAndBarbuda,Fungee and Pepperpot,"Cornmeal (funnel), okra, épices, viande","The Caribbean — Saint John’s, Antigua et Barbuda","Le fungee (fungee) est un accompagnement de maïs servi avec le pepperpot, un ragoût épicé traditionnel de l’île.",Culture insulaire,16,Viande,https://www.196flavors.com/fr/?s=Fungee+and+Pepperpot
170,Bahrain,Machboos,"Riz, épices, viande (agneau/poulet), légumes","Saffron — Manama, Bahreïn","Le machboos est un plat bahraini de riz épicé cuit avec viande et légumes, parfumé au safran et épices locales.",Ancienne tradition,20,Viande halal,https://www.196flavors.com/fr/?s=Machboos
171,Bahamas,Conch Salad,"Conque (fruit de mer), tomates, citron, piment","Graycliff Restaurant — Nassau, Bahamas","La salade de conque est un plat de fruits de mer frais, représentatif de la cuisine des Bahamas, souvent servi froid.",Tradition marine,5,Poissons,https://www.196flavors.com/fr/?s=Conch+Salad
172,Saint-Barthélemy,Accras de morue,"Chiquetaille de morue, farine, épices","Bonito St Barth — Gustavia, Saint-Barthélemy","Les accras de morue sont des beignets de poisson épicés populaires dans les Caraïbes, dont Saint-Barthélemy.",Tradition caribéenne,9,Poissons,https://www.196flavors.com/fr/?s=Accras+de+morue
173,Bermuda,Fish Chowder,"Poisson, tomates, épices, herbes","Champion Bermuda — Hamilton, Bermudes","La fish chowder est une soupe de poisson épicée, considérée comme un plat emblématique des Bermudes.",Tradition coloniale,8,Poissons,https://www.196flavors.com/fr/?s=Fish+Chowder
174,Barbados,Cou-Coup and Flying Fish,"Cou-coup (semoule), poisson volant, légumes","The Fish Pot — Bridgetown, Barbade","Le cou-coup accompagné de flying fish est un plat national barbadien, combinant semoule et poisson local.",Tradition insulaire,9,Poissons,https://www.196flavors.com/fr/?s=Cou-Coup+and+Flying+Fish
175,Comoros,Langouste à la vanille,"Langouste, vanille, huile, herbes locales","La Kaz Crabe — Moroni, Comores","La langouste à la vanille est un plat traditionnel des Comores, associant le fruit de mer local avec la vanille locale pour une saveur unique.",Tradition locale,7.5,Viande halal,https://www.196flavors.com/fr/?s=Langouste+%C3%A0+la+vanille
176,CapeVerde,Cachupa,"Maïs, haricots, patate douce, manioc, chou, saucisse ou poisson","Restaurante Nice — Mindelo, Cap-Vert","La cachupa est le plat national du Cap-Vert. Ce ragoût mijoté combine maïs, haricots et légumes, parfois enrichi de viande ou de poisson. Il reflète l’histoire agricole et coloniale de l’archipel.",XVIIIᵉ siècle,2,Viande/Poisson,https://www.196flavors.com/fr/?s=Cachupa
177,Curaçao,Stoba,"Bœuf ou chèvre, tomates, oignons, poivrons, épices","Plasa Bieu — Willemstad, Curaçao","Le stoba est un ragoût traditionnel de Curaçao, mijoté lentement avec des épices caribéennes.",Tradition locale,4.5,Viande,https://www.196flavors.com/fr/?s=Stoba
178,CaymanIslands,Turtle Stew,"Viande de tortue, tomates, oignons, piments","Vivine’s Kitchen — Grand Cayman, Îles Caïmans","Le turtle stew est un plat historique des îles Caïmans, autrefois symbole de subsistance maritime.",XIXᵉ siècle,7.5,Viande,https://www.196flavors.com/fr/?s=Turtle+Stew
179,Cyprus,Souvla,"Agneau ou porc, sel, origan, citron","To Katoi — Nicosie, Chypre","La souvla est une grande brochette de viande grillée au feu de bois, plat festif traditionnel chypriote.",Antiquité méditerranéenne,16,Viande,https://www.196flavors.com/fr/?s=Souvla
180,Dominica,Mountain Chicken (crapaud),"Grenouille géante, ail, citron, épices","Old Stone Grill — Roseau, Dominique","Le “mountain chicken” est un plat traditionnel dominicain à base de grenouille locale, aujourd’hui protégé en raison de sa rareté.",Tradition locale,9,Viande,https://www.196flavors.com/fr/?s=Mountain+Chicken+%28crapaud%29
181,FalklandIslands,Roast Mutton,"Mouton, pommes de terre, légumes","Malvina House — Stanley, Falkland Islands",Le rôti de mouton est un plat traditionnel reflétant l’élevage ovin dominant sur les îles.,XIXᵉ siècle,3.5,Viande,https://www.196flavors.com/fr/?s=Roast+Mutton
182,FaeroeIslands,Skerpikjøt,Agneau fermenté séché,"Barbara Fish House — Tórshavn, Îles Féroé","Le skerpikjøt est de l’agneau séché et fermenté au vent marin, spécialité ancestrale féroïenne.","Viking, IXᵉ siècle",11.5,Viande,https://www.196flavors.com/fr/?s=Skerpikj%C3%B8t
183,FederatedStatesOfMicronesia,Pwo (breadfruit dish),"Fruit à pain, lait de coco, poisson","Restaurant Ocean View — Pohnpei, Micronésie","Le fruit à pain est un aliment de base micronésien, souvent préparé avec lait de coco et poisson.",Tradition ancestrale,8,Poissons,https://www.196flavors.com/fr/?s=Pwo+%28breadfruit+dish%29
184,Grenada,Oil Down,"Fruit à pain, lait de coco, poulet salé, épices","BB’s Crabback — St. George’s, Grenade","L’oil down est le plat national de Grenade, ragoût riche au lait de coco et fruit à pain.",Tradition caribéenne,15,Viande/Poisson,https://www.196flavors.com/fr/?s=Oil+Down
185,Guam,Kadon Pika,"Poulet, sauce soja, vinaigre, piment","Meskla — Tumon, Guam","Le kadon pika est un ragoût chamorro épicé, très populaire à Guam.",Tradition chamorro,9,Viande,https://www.196flavors.com/fr/?s=Kadon+Pika
186,SaintKittsAndNevis,Goat Water,"Chèvre, pain, légumes, épices","Marshall’s — Basseterre, Saint-Kitts-et-Nevis","Le goat water est un ragoût épicé de chèvre, considéré comme plat national.",XVIIIᵉ siècle,14,Viande,https://www.196flavors.com/fr/?s=Goat+Water
187,SaintLucia,Green Fig and Saltfish,"Banane verte, morue salée, oignons","The Coal Pot — Castries, Sainte-Lucie","Plat national de Sainte-Lucie, mélangeant banane verte et morue salée.",Tradition coloniale,9,Poissons,https://www.196flavors.com/fr/?s=Green+Fig+and+Saltfish
188,SaintMartin,Johnny Cake,"Farine, sucre, beurre, lait","Le Cottage — Grand Case, Saint-Martin","Le johnny cake est un petit pain frit ou cuit au four, très répandu dans les Caraïbes.",Tradition caribéenne,11,Végétarien,https://www.196flavors.com/fr/?s=Johnny+Cake
189,Maldives,Mas Huni,"Thon, noix de coco, oignons, piment, citron","Seagull Café — Malé, Maldives",Le mas huni est un petit-déjeuner traditionnel maldivien à base de thon et noix de coco.,Tradition insulaire,9,Viande halal,https://www.196flavors.com/fr/?s=Mas+Huni
190,MarshallIslands,Barramundi and Coconut,"Poisson, lait de coco, riz","Marshall Islands Resort — Majuro, Îles Marshall",Le poisson au lait de coco est central dans la cuisine des Îles Marshall.,Tradition océanienne,9,Poissons,https://www.196flavors.com/fr/?s=Barramundi+and+Coconut
191,Malta,Fenek,"Lapin, vin rouge, ail, herbes",Diar il-Bniet — Malte,"Le fenek (lapin) est considéré comme le plat national maltais, mijoté au vin.",XVIIᵉ siècle,9,Viande,https://www.196flavors.com/fr/?s=Fenek
192,NorthernMarianaIslands,Red Rice & BBQ,"Riz rouge (achiote), poulet ou porc grillé","Surf Club — Saipan, Îles Mariannes du Nord",Le riz rouge accompagné de barbecue est un pilier de la cuisine chamorro.,Tradition locale,11.5,Viande,https://www.196flavors.com/fr/?s=Red+Rice+%26+BBQ
193,Mauritius,Dholl Puri,"Galette de pois cassés, curry, chutney","Dewa & Sons — Port-Louis, Maurice",Le dholl puri est un street food emblématique mauricien d’influence indienne.,XIXᵉ siècle,4.5,Végétarien,https://www.196flavors.com/fr/?s=Dholl+Puri
194,NewCaledonia,Bougna,"Poisson ou poulet, igname, taro, lait de coco","Le Roof — Nouméa, Nouvelle-Calédonie",Le bougna est un plat kanak cuit dans des feuilles de bananier avec lait de coco.,Tradition kanak,11.5,Viande/Poisson,https://www.196flavors.com/fr/?s=Bougna
195,Nauru,Coconut Fish,"Poisson, lait de coco, citron","Bay Restaurant — Yaren, Nauru",Le poisson au lait de coco est l’un des plats traditionnels de Nauru.,Tradition océanienne,6,Poissons,https://www.196flavors.com/fr/?s=Coconut+Fish
196,Palau,Ukaeb,"Crabe de mangrove, lait de coco, légumes","The Taj — Koror, Palaos",Le crabe au lait de coco est très populaire aux Palaos.,Tradition locale,9,Poissons,https://www.196flavors.com/fr/?s=Ukaeb
197,PuertoRico,Mofongo,"Banane plantain frite, ail, porc ou fruits de mer","Café Manolín — San Juan, Porto Rico",Le mofongo est un plat emblématique portoricain à base de plantain écrasé.,XIXᵉ siècle,11,Viande/Poisson,https://www.196flavors.com/fr/?s=Mofongo
198,FrenchPolynesia,Poisson Cru,"Poisson cru, citron vert, lait de coco","Le Lotus — Bora Bora, Polynésie française",Le poisson cru au lait de coco est le plat national polynésien.,Tradition polynésienne,6,Poissons,https://www.196flavors.com/fr/?s=Poisson+Cru
199,SaintVincentAndTheGrenadines,Roasted Breadfruit & Jackfish,"Fruit à pain, poisson frit","Flowt Beach Bar — Kingstown, Saint-Vincent-et-les-Grenadines",Plat traditionnel combinant poisson local et fruit à pain.,Tradition caribéenne,9,Poissons,https://www.196flavors.com/fr/?s=Roasted+Breadfruit+%26+Jackfish
200,BritishVirginIslands,Fish & Fungi,"Poisson, semoule de maïs","Pusser’s — Road Town, Îles Vierges britanniques",Le fish & fungi est un plat national traditionnel.,Tradition insulaire,11,Poissons,https://www.196flavors.com/fr/?s=Fish+%26+Fungi
201,UnitedStatesVirginIslands,Callaloo,"Feuilles vertes, gombo, crabe","Gladys’ Café — St. Thomas, Îles Vierges américaines",Le callaloo est une soupe épaisse populaire dans les Caraïbes.,Tradition caribéenne,9,Poissons,https://www.196flavors.com/fr/?s=Callaloo
202,Vanuatu,Laplap,"Taro ou igname, lait de coco, porc ou poisson","The Beach Bar — Port-Vila, Vanuatu","Le laplap est le plat national du Vanuatu, cuit dans un four souterrain.",Tradition mélanésienne,9,Viande/Poisson,https://www.196flavors.com/fr/?s=Laplap
203,Samoa,Oka I’a,"Poisson cru, lait de coco, citron, oignon","Paddles — Apia, Samoa",L’oka est une salade de poisson cru au lait de coco.,Tradition polynésienne,9,Poissons,https://www.196flavors.com/fr/?s=Oka+I%E2%80%99a
204,StEustatius,Conch Stew,"Conque, tomates, légumes","Old Gin House — Oranjestad, Saint-Eustache",Ragoût de conque typique des Caraïbes.,Tradition insulaire,11.5,Poissons,https://www.196flavors.com/fr/?s=Conch+Stew
205,Saba,Saba Spice Cake,"Farine, sucre, épices, rhum",Brigadoon — Saba,Gâteau aux épices emblématique de Saba.,Tradition locale,4.5,Végétarien,https://www.196flavors.com/fr/?s=Saba+Spice+Cake
206,Martinique,Colombo de Poulet,"Poulet, épices colombo, riz",Le Fromager — Martinique,Le colombo est un curry antillais influencé par l’Inde.,XIXᵉ siècle,11.5,Viande,https://www.196flavors.com/fr/?s=Colombo+de+Poulet
207,CanaryIslands,Papas Arrugadas,"Pommes de terre, sel, mojo rojo/verde","La Hierbita — Tenerife, Canaries","Les papas arrugadas sont servies avec sauce mojo, spécialité des Canaries.",Tradition locale,6,Végétarien,https://www.196flavors.com/fr/?s=Papas+Arrugadas
208,Mayotte,Pilao,"Riz, viande ou poisson, épices locales","Le 5/5 — Mamoudzou, Mayotte",Le pilao est un riz épicé influencé par la culture swahilie.,Tradition locale,9,Viande/Poisson,https://www.196flavors.com/fr/?s=Pilao
209,Reunion,Cari Poulet,"Poulet, tomates, ail, gingembre, curcuma","Le Roland Garros — Saint-Denis, Réunion","Le cari est le plat emblématique réunionnais, cuisiné avec épices et riz.",XIXᵉ siècle,11,Viande,https://www.196flavors.com/fr/?s=Cari+Poulet
210,Guadeloupe,Bokits,"Pain frit, poulet ou morue, crudités","Chez Chantal — Pointe-à-Pitre, Guadeloupe",Le bokit est un sandwich frit très populaire en Guadeloupe.,XXᵉ siècle,6,Viande/Poisson,https://www.196flavors.com/fr/?s=Bokits
211,Fiji,Kokoda,"Poisson cru, citron, lait de coco, oignons",The Wakaya Club — Fidji,Le kokoda est un plat fidjien de poisson mariné au citron et lait de coco.,Tradition mélanésienne,9,Poissons,https://www.196flavors.com/fr/?s=Kokoda